"","idents"
"d77_TCCCTGTCTCTA","10.1"
"d77_CCCAGTACTAGG","10.1"
"d77_TTCCCCCGCCGT","10.1"
"d77_CGCGTGAATGGA","10.1"
"d77_CGATACAATATT","10.1"
"d77_TTGCAGGGGTGC","10.1"
"d77_TCCCTTCTGGCT","10.1"
"d77_AGACACGCCCCC","10.1"
"d77_CGGGAGCCTCTT","10.1"
"d77_CGGGAGCCTCTC","10.1"
"d77_CGGGAGCCTCTA","10.1"
"d89_GTTGGTGTTGAC","10.1"
"d89_GGGGTCGGAATC","10.1"
"d89_TCTTAGCCACCA","10.1"
"d89_CAATAAAACATT","10.1"
"d89_TCGGCAATCCGA","10.1"
"d89_AGAGTGCACCCT","10.1"
"d89_GTGAGTCTGAAG","10.1"
"d89_GTAGGAAGGTAC","10.1"
"d89_TGGTACCAACGT","10.1"
"d89_CTTGCGCGGGCT","10.1"
"d89_ACGACTAATAAG","10.1"
"d104_GCTACTTATACC","10.1"
"d104_ACTTATCTTCTG","10.1"
"d104_GTGTCGATGTCC","10.1"
"d104_GATTTACTGATC","10.1"
"d104_GTCAACATCATC","10.1"
"d104_CCTTACATTGCC","10.1"
"d104_TGCCATGCTAAA","10.1"
"d104_GGTAATTATTCC","10.1"
"d104_GCTTATAGTGTC","10.1"
"d104_ACGCGGCAAGTA","10.1"
"d104_TTTTTAGTGGCC","10.1"
"d104_TGATATAATGGT","10.1"
"d104_GATTTAATGTGA","10.1"
"d104_AGTGTAGCAAAT","10.1"
"d104_ACGTGCGCTTAT","10.1"
"d104_AAGGTACCCATT","10.1"
"d104_ATCAGGGCCCAG","10.1"
"d104_GACCCTATCCAA","10.1"
"d104_TGAATAACACAT","10.1"
"d104_GGACTCATTTAC","10.1"
"d104_ATAGAGCAACAT","10.1"
"d104_CGCGCGTCACTT","10.1"
"d104_CGGGACAGACAG","10.1"
"d104_GTGATAACCGAT","10.1"
"d104_ATACTTCTTACA","10.1"
"d104_TACATTCCCAGC","10.1"
"d104_CCGAATCCTGAT","10.1"
"d104_TGTGCATATACC","10.1"
"d104_GGCCTTCAACCA","10.1"
"d104_CCCAGCCTCTCA","10.1"
"d104_TTTGGAATCATA","10.1"
"d104_TAACTGCATGTT","10.1"
"d104_CTTATCTTACCA","10.1"
"d104_GTCAGCACGAGA","10.1"
"d104_CACGACCCCTGG","10.1"
"d104_CGGCACAAACAC","10.1"
"d104_AGCACAGTGATT","10.1"
"d104_CTCACAATGCAC","10.1"
"d104_GATCGGCCCAGG","10.1"
"d104_GAAAGATATACC","10.1"
"d104_GTTACGGAAGGG","10.1"
"d104_AAGTAGGCCCTA","10.1"
"d104_TCAGCAGTCATT","10.1"
"d104_GCTACTTCTACC","10.1"
"d104_CCTATATAGAGT","10.1"
"d77_AAGTGAGCGCCA","10.2"
"d77_ACATTAGTGTGA","10.2"
"d77_TTGCACCGCTCC","10.2"
"d77_CGAATACAGCGA","10.2"
"d89_TGACCCCGGCTG","10.2"
"d89_ACGCTCCTAATT","10.2"
"d89_CTTACAAAGGGT","10.2"
"d89_AGGCATTACAAA","10.2"
"d89_GATCCTCATGTG","10.2"
"d104_ACGGCTGAAGAC","10.2"
"d104_TCAATCGATCTT","10.2"
"d104_ACCCAATGACAA","10.2"
"d104_GTTTACCACGAT","10.2"
"d104_ACCATCGCTCCT","10.2"
"d104_GTAAAATGAGAG","10.2"
"d104_GAGCCTGGCAAC","10.2"
"d104_AGGTGATGGGCT","10.2"
"d104_AAACTCATACGT","10.2"
"d104_GGTCGGCCGCAC","10.2"
"d104_CAGTAGCTCTTT","10.2"
"d104_CATTTACATGGT","10.2"
"d104_CACCTGAATCGA","10.2"
"d104_TCAAGGTCGGGA","10.2"
"d104_ATGCCTATAGTC","10.2"
"d104_GCTTACGCATAG","10.2"
"d104_TAGACTAGGTCT","10.2"
"d104_CTCCCTAATACA","10.2"
"d104_AATAACCGTTCG","10.2"
"d104_ATTGGCTGCAGA","10.2"
"d104_CCAGGAACCTAA","10.2"
"d104_ACCGGTAACAGA","10.2"
"d104_GGTAGTTCCATG","10.2"
"d104_ACACTGTGATCT","10.2"
"d104_CTATATGACGGC","10.2"
"d104_CCCGCGCTGCTG","10.2"
"d104_TATCCTATGTGA","10.2"
"d104_TCTCTCCCGTGG","10.2"
"d104_GAGTACGTCATC","10.2"
"d104_GGCGATGCTGTT","10.2"
"d104_GGTGGGTCAGGC","10.2"
"d104_GTAACGTTTCGT","10.2"
"d104_ATGTTGGGGGCA","10.2"
